calc post impressions unique,Calc Percentage consumption unique,calc post fan engagement percent,calc total engagement percentage,calc total reactions,calc shares as a percent of engagement,Created At (Days),Created At,Fb Content Piece Id,Fb Id,Number of Records,Post Consumption Other clicks,Post consumption link clicks,Post consumption photo view,Post consumptions link click unique,Post consumptions other clicks unique,Post consumptions photo view unique,Post consumptions unique,Post consumptions,Post engaged fan,Post engaged users,Post fan reach,Post impressions by story type unique,Post impressions by story type,Post impressions fan unique,Post impressions organic unique,Post impressions organic,Post impressions paid unique,Post impressions paid,Post impressions total unique,Post impressions total,Post impressions unique,Post impressions unpaid unique,Post impressions unpaid,Post impressions viral unique,Post impressions viral,Post impressions,Post negative feedback unique,Post negative feedback,Post reaction anger total,Post stories comments,Post stories like,Post stories share,Post story adds unique,Post story adds,Post storytellers comment,Post storytellers like,Post storytellers share,Post storytellers,Total Post reactions anger,Total Post reactions sorry,Total post reactions haha,Total post reactions like,Total post reactions love,Total post reactions wow,Updated At,Post Impressions Fans,Post Reactions Haha Total,Post Reactions Like Total,Post Reactions Love Total 1,Post Reactions Sorry Total,Post Reactions Wow Total,Post Stories Lifetime,Post Story Adds Comment Unique,Post Story Adds Comments,Post Story Adds Like Unique,Post Story Adds Like,Post Story Adds Share Unique,Post Story Ads Share
5124,0.014832162,0.063361983,0.048253404,278,0.006134969,16,3/16/2017 12:10:28 PM,58ca253ae04033ff8d2c8bd7,222530618111374_403382763359491,1,72,,61,,32,59,76,133,317,326,5003,150,174,5003,5124,6582,0,0,5236,6756,5236,5236,6756,150,174,6756,0,0,1,,278,2,269,280,,268,2,269,1,1,6,256,1,13,3/16/2017 12:10:28 PM,6461,6,256,1,1,13,280,,,268,278,2,2
7271,0.015128593,0.062105706,0.046586996,401,0.008695652,16,3/16/2017 1:10:20 PM,58ca253ae04033ff8d2c8bd7,222530618111374_403382763359491,1,98,,86,,51,81,110,184,443,460,7133,273,318,7133,7271,9556,0,0,7523,9874,7523,7523,9874,273,318,9874,1,1,1,1,401,4,386,406,1,383,4,386,1,2,8,371,2,17,3/16/2017 1:10:20 PM,9331,8,371,2,2,17,406,1,1,383,401,4,4
9008,0.016318828,0.065523156,0.047732130,514,0.009950249,16,3/16/2017 2:10:23 PM,58ca253ae04033ff8d2c8bd7,222530618111374_403382763359491,1,113,1,113,1,63,107,147,227,573,603,8745,391,476,8745,9008,12157,0,0,9422,12633,9422,9422,12633,391,476,12633,1,1,1,1,514,6,494,521,1,490,6,494,1,2,9,479,3,20,3/16/2017 2:10:23 PM,11790,9,479,3,2,20,521,1,1,490,514,6,6
10655,0.016987330,0.066098081,0.047886195,612,0.008368201,16,3/16/2017 3:10:24 PM,58ca253ae04033ff8d2c8bd7,222530618111374_403382763359491,1,120,2,141,1,69,134,181,263,682,717,10318,516,627,10318,10655,14346,0,0,11122,14973,11122,11122,14973,516,627,14973,1,1,1,1,611,6,584,618,1,580,6,584,1,2,10,574,3,22,3/16/2017 3:10:24 PM,13860,10,574,3,2,22,618,1,1,580,611,6,6
11860,0.017032041,0.067355264,0.049076486,702,0.008443908,16,3/16/2017 4:10:23 PM,58ca253ae04033ff8d2c8bd7,222530618111374_403382763359491,1,127,3,156,1,76,149,202,286,776,829,11521,646,772,11521,11860,16120,0,0,12464,16892,12464,12464,16892,646,772,16892,1,1,1,1,701,7,675,709,1,671,7,675,1,2,10,663,3,23,3/16/2017 4:10:23 PM,15507,10,663,3,2,23,709,1,1,671,701,7,7
13080,0.017584098,0.066576841,0.049101343,772,0.008820287,16,3/16/2017 5:10:22 PM,58ca253ae04033ff8d2c8bd7,222530618111374_403382763359491,1,137,3,174,1,86,168,230,314,840,907,12617,772,921,12617,13080,17551,0,0,13744,18472,13744,13744,18472,772,921,18472,1,1,1,2,771,8,736,781,2,728,8,736,1,2,10,731,3,25,3/16/2017 5:10:22 PM,16849,10,731,3,2,25,781,2,2,728,771,8,8
13863,0.018250018,0.068159688,0.049803803,836,0.008080808,16,3/16/2017 6:10:38 PM,58ca253ae04033ff8d2c8bd7,222530618111374_403382763359491,1,144,3,193,1,93,186,253,340,910,990,13351,876,1052,13351,13863,18826,0,0,14599,19878,14599,14599,19878,876,1052,19878,1,1,1,4,835,8,795,847,3,786,8,795,1,2,10,794,3,26,3/16/2017 6:10:38 PM,18051,10,794,3,2,26,847,3,4,786,835,8,8
14835,0.018874284,0.069837279,0.050426037,903,0.008310249,16,3/16/2017 7:10:33 PM,58ca253ae04033ff8d2c8bd7,222530618111374_403382763359491,1,150,3,214,1,99,208,280,367,1000,1083,14319,1039,1219,14319,14835,20258,0,0,15722,21477,15722,15722,21477,1039,1219,21477,1,1,1,4,902,9,863,915,3,852,9,863,1,3,12,855,3,29,3/16/2017 7:10:33 PM,19401,12,855,3,3,29,915,3,4,852,902,9,9
16258,0.019375077,0.068452192,0.049355950,982,0.008613264,16,3/16/2017 8:10:26 PM,58ca253ae04033ff8d2c8bd7,222530618111374_403382763359491,1,156,3,244,1,105,237,315,403,1076,1161,15719,1229,1450,15719,16258,22073,0,0,17335,23523,17335,17335,23523,1229,1450,23523,1,1,1,4,981,10,918,995,3,907,10,918,1,4,12,932,3,30,3/16/2017 8:10:26 PM,21158,12,932,3,4,30,995,3,4,907,981,10,10
17234,0.019612394,0.069402716,0.049060336,1049,0.008870968,16,3/16/2017 9:10:27 PM,58ca253ae04033ff8d2c8bd7,222530618111374_403382763359491,1,160,3,263,1,108,258,338,426,1155,1240,16642,1380,1604,16642,17234,23671,0,0,18388,25275,18388,18388,25275,1380,1604,25275,1,1,1,4,1048,11,983,1063,3,972,11,983,1,5,12,995,3,33,3/16/2017 9:10:27 PM,22709,12,995,3,5,33,1063,3,4,972,1048,11,11
18339,0.019466710,0.069634897,0.048793129,1121,0.008345979,16,3/16/2017 10:10:46 PM,58ca253ae04033ff8d2c8bd7,222530618111374_403382763359491,1,167,3,278,1,114,271,357,448,1234,1318,17721,1487,1777,17721,18339,25235,0,0,19677,27012,19677,19677,27012,1487,1777,27012,1,1,1,4,1120,11,1049,1135,3,1038,11,1049,1,5,12,1066,3,34,3/16/2017 10:10:46 PM,24222,12,1066,3,5,34,1135,3,4,1038,1120,11,11
19560,0.019325153,0.069906404,0.049267597,1206,0.008474576,16,3/16/2017 11:10:29 PM,58ca253ae04033ff8d2c8bd7,222530618111374_403382763359491,1,174,3,297,1,120,287,378,474,1322,1416,18911,1668,1971,18911,19560,26770,0,0,21089,28741,21089,21089,28741,1668,1971,28741,1,1,2,6,1205,12,1133,1223,5,1121,12,1133,2,8,12,1145,3,36,3/16/2017 11:10:29 PM,25703,12,1145,3,8,36,1223,5,6,1121,1205,12,12
20774,0.018773467,0.068642590,0.048983395,1251,0.008831522,17,3/17/2017 12:10:23 AM,58ca253ae04033ff8d2c8bd7,222530618111374_403382763359491,1,179,3,305,1,125,294,390,487,1378,1472,20075,1784,2114,20075,20774,27937,0,0,22388,30051,22388,22388,30051,1784,2114,30051,1,1,3,6,1250,13,1175,1269,5,1162,13,1175,3,8,12,1189,3,36,3/17/2017 12:10:23 AM,26835,12,1189,3,8,36,1269,5,6,1162,1250,13,13
21126,0.018744675,0.068709014,0.048800286,1287,0.008649368,17,3/17/2017 1:11:09 AM,58ca253ae04033ff8d2c8bd7,222530618111374_403382763359491,1,180,3,313,1,126,300,396,496,1404,1503,20434,1837,2183,20434,21126,28616,0,0,22812,30799,22812,22812,30799,1837,2183,30799,1,1,4,6,1286,13,1200,1305,5,1187,13,1200,4,8,12,1224,3,36,3/17/2017 1:11:09 AM,27488,12,1224,3,8,36,1305,5,6,1187,1286,13,13
21336,0.018888264,0.068607975,0.048589493,1298,0.008586526,17,3/17/2017 2:10:22 AM,58ca253ae04033ff8d2c8bd7,222530618111374_403382763359491,1,185,3,317,1,128,305,403,505,1416,1514,20639,1875,2230,20639,21336,28929,0,0,23090,31159,23090,23090,31159,1875,2230,31159,1,1,4,6,1297,13,1209,1316,5,1196,13,1209,4,8,12,1234,3,37,3/17/2017 2:10:22 AM,27790,12,1234,3,8,37,1316,5,6,1196,1297,13,13
21393,0.018978170,0.068815542,0.048533163,1304,0.009198423,17,3/17/2017 3:10:32 AM,58ca253ae04033ff8d2c8bd7,222530618111374_403382763359491,1,185,3,319,1,128,307,406,507,1424,1522,20693,1892,2261,20693,21393,29099,0,0,23151,31360,23151,23151,31360,1892,2261,31360,1,1,4,6,1303,14,1216,1323,5,1202,14,1216,4,8,12,1240,3,37,3/17/2017 3:10:32 AM,27955,12,1240,3,8,37,1323,5,6,1202,1303,14,14
21504,0.019019717,0.069045101,0.048720879,1311,0.009120521,17,3/17/2017 4:10:25 AM,58ca253ae04033ff8d2c8bd7,222530618111374_403382763359491,1,186,3,321,1,129,309,409,510,1436,1535,20798,1905,2285,20798,21504,29221,0,0,23292,31506,23292,23292,31506,1905,2285,31506,1,1,4,6,1310,14,1225,1330,5,1211,14,1225,4,8,12,1247,3,37,3/17/2017 4:10:25 AM,28070,12,1247,3,8,37,1330,5,6,1211,1310,14,14
21532,0.019087869,0.069266981,0.048651725,1313,0.009096816,17,3/17/2017 5:10:30 AM,58ca253ae04033ff8d2c8bd7,222530618111374_403382763359491,1,186,3,322,1,129,310,411,511,1442,1539,20818,1912,2309,20818,21532,29324,0,0,23325,31633,23325,23325,31633,1912,2309,31633,1,1,4,6,1312,14,1229,1332,5,1214,14,1229,4,8,12,1249,3,37,3/17/2017 5:10:30 AM,28167,12,1249,3,8,37,1332,5,6,1214,1312,14,14
21665,0.019063005,0.069143348,0.048587962,1318,0.010355987,17,3/17/2017 6:10:29 AM,58ca253ae04033ff8d2c8bd7,222530618111374_403382763359491,1,188,3,325,1,130,313,413,516,1448,1545,20942,1923,2339,20942,21665,29459,0,0,23447,31798,23447,23447,31798,1923,2339,31798,1,1,4,6,1317,16,1232,1339,5,1218,16,1232,4,8,12,1254,3,37,3/17/2017 6:10:29 AM,28295,12,1254,3,8,37,1339,5,6,1218,1317,16,16
21785,0.019187514,0.069472785,0.048734217,1330,0.010210594,17,3/17/2017 7:10:25 AM,58ca253ae04033ff8d2c8bd7,222530618111374_403382763359491,1,188,3,331,1,130,317,418,522,1464,1567,21073,1961,2403,21073,21785,29751,0,0,23565,32154,23565,23565,32154,1961,2403,32154,1,1,4,6,1329,16,1245,1351,5,1231,16,1245,4,8,12,1265,3,38,3/17/2017 7:10:25 AM,28571,12,1265,3,8,38,1351,5,6,1231,1329,16,16
22130,0.019159512,0.070060132,0.049102639,1355,0.009962640,17,3/17/2017 8:10:23 AM,58ca253ae04033ff8d2c8bd7,222530618111374_403382763359491,1,189,3,337,1,131,322,424,529,1503,1606,21453,2027,2510,21453,22130,30197,0,0,23843,32707,23843,23843,32707,2027,2510,32707,1,1,4,6,1354,16,1279,1376,5,1264,16,1279,4,8,13,1288,3,39,3/17/2017 8:10:23 AM,29003,13,1288,3,8,39,1376,5,6,1264,1354,16,16
22621,0.018920472,0.069516033,0.048974943,1390,0.009791922,17,3/17/2017 9:10:22 AM,58ca253ae04033ff8d2c8bd7,222530618111374_403382763359491,1,192,3,339,1,133,324,428,534,1524,1634,21923,2130,2624,21923,22621,30740,0,0,24298,33364,24298,24298,33364,2130,2624,33364,1,1,4,6,1389,16,1307,1411,5,1292,16,1307,4,8,13,1323,3,39,3/17/2017 9:10:22 AM,29527,13,1323,3,8,39,1411,5,6,1292,1389,16,16
23035,0.019057955,0.069056688,0.048698154,1416,0.010247137,17,3/17/2017 10:10:29 AM,58ca253ae04033ff8d2c8bd7,222530618111374_403382763359491,1,194,3,347,1,135,334,439,544,1541,1659,22315,2219,2712,22315,23035,31355,0,0,24718,34067,24718,24718,34067,2219,2712,34067,2,2,4,6,1415,17,1324,1438,5,1309,17,1324,4,8,13,1347,3,41,3/17/2017 10:10:29 AM,30123,13,1347,3,8,41,1438,5,6,1309,1415,17,17
23334,0.019199451,0.069430327,0.048696054,1439,0.010071090,17,3/17/2017 11:10:29 AM,58ca253ae04033ff8d2c8bd7,222530618111374_403382763359491,1,195,3,356,1,136,343,448,554,1571,1688,22627,2301,2789,22627,23334,31875,0,0,25067,34664,25067,25067,34664,2301,2789,34664,2,2,5,6,1438,17,1347,1461,5,1331,17,1347,5,8,13,1369,3,41,3/17/2017 11:10:29 AM,30621,13,1369,3,8,41,1461,5,6,1331,1438,17,17
23492,0.019283160,0.069531627,0.048531544,1456,0.009958992,17,3/17/2017 12:10:37 PM,58ca253ae04033ff8d2c8bd7,222530618111374_403382763359491,1,195,3,362,1,136,348,453,560,1584,1707,22781,2357,2873,22781,23492,32300,0,0,25327,35173,25327,25327,35173,2357,2873,35173,2,2,5,6,1455,17,1364,1478,5,1349,17,1364,5,8,13,1386,3,41,3/17/2017 12:10:37 PM,31030,13,1386,3,8,41,1478,5,6,1349,1455,17,17
23630,0.019720694,0.070013095,0.048736564,1471,0.009815242,17,3/17/2017 1:10:50 PM,58ca253ae04033ff8d2c8bd7,222530618111374_403382763359491,1,198,3,372,1,139,359,466,573,1604,1732,22910,2405,2927,22910,23630,32611,0,0,25487,35538,25487,25487,35538,2405,2927,35538,2,2,5,6,1470,17,1380,1493,5,1364,17,1380,5,8,13,1401,3,41,3/17/2017 1:10:50 PM,31320,13,1401,3,8,41,1493,5,6,1364,1470,17,17
23679,0.020228895,0.070918278,0.049140118,1489,0.009642655,17,3/17/2017 2:10:28 PM,58ca253ae04033ff8d2c8bd7,222530618111374_403382763359491,1,198,3,384,1,139,371,479,585,1628,1763,22956,2457,2985,22956,23679,32892,0,0,25595,35877,25595,25595,35877,2457,2985,35877,2,2,5,6,1488,17,1400,1511,5,1384,17,1400,5,8,13,1419,3,41,3/17/2017 2:10:28 PM,31588,13,1419,3,8,41,1511,5,6,1384,1488,17,17
23889,0.020511533,0.070892302,0.049283129,1507,0.010089686,17,3/17/2017 3:10:34 PM,58ca253ae04033ff8d2c8bd7,222530618111374_403382763359491,1,199,3,399,1,140,383,490,601,1643,1784,23176,2487,3045,23176,23889,33154,0,0,25783,36199,25783,25783,36199,2487,3045,36199,2,2,5,6,1506,18,1414,1530,5,1398,18,1414,5,8,13,1437,3,41,3/17/2017 3:10:34 PM,31840,13,1437,3,8,41,1530,5,6,1398,1506,18,18
24035,0.020802996,0.071777511,0.049810949,1523,0.009900990,17,3/17/2017 4:10:31 PM,58ca253ae04033ff8d2c8bd7,222530618111374_403382763359491,1,202,3,407,1,142,391,500,612,1675,1818,23336,2511,3102,23336,24035,33396,0,0,26056,36498,26056,26056,36498,2511,3102,36498,2,2,5,6,1522,18,1432,1546,5,1418,18,1432,5,8,13,1453,3,41,3/17/2017 4:10:31 PM,32067,13,1453,3,8,41,1546,5,6,1418,1522,18,18
24119,0.020896389,0.071782178,0.049752327,1530,0.009846827,17,3/17/2017 5:10:38 PM,58ca253ae04033ff8d2c8bd7,222530618111374_403382763359491,1,202,3,413,1,142,396,504,618,1682,1828,23432,2556,3141,23432,24119,33601,0,0,26091,36742,26091,26091,36742,2556,3141,36742,2,2,5,6,1529,18,1440,1553,5,1426,18,1440,5,8,13,1460,3,41,3/17/2017 5:10:38 PM,32258,13,1460,3,8,41,1553,5,6,1426,1529,18,18
24304,0.020901909,0.071930865,0.049791858,1543,0.009771987,17,3/17/2017 6:10:25 PM,58ca253ae04033ff8d2c8bd7,222530618111374_403382763359491,1,202,3,417,1,142,400,508,622,1698,1842,23606,2580,3174,23606,24304,33820,0,0,26336,36994,26336,26336,36994,2580,3174,36994,2,2,5,6,1542,18,1450,1566,5,1436,18,1450,5,8,13,1473,3,41,3/17/2017 6:10:25 PM,32463,13,1473,3,8,41,1566,5,6,1436,1542,18,18
24380,0.020959803,0.071881071,0.049741880,1552,0.011351351,17,3/17/2017 7:10:29 PM,58ca253ae04033ff8d2c8bd7,222530618111374_403382763359491,1,202,3,420,1,142,402,511,625,1702,1850,23678,2609,3224,23678,24380,33968,0,0,26480,37192,26480,26480,37192,2609,3224,37192,2,2,6,6,1551,21,1454,1578,5,1440,21,1454,6,8,13,1480,3,42,3/17/2017 7:10:29 PM,32602,13,1480,3,8,42,1578,5,6,1440,1551,21,21
24480,0.021160131,0.072541260,0.050295305,1572,0.011689692,17,3/17/2017 8:10:26 PM,58ca253ae04033ff8d2c8bd7,222530618111374_403382763359491,1,205,3,428,1,145,409,518,636,1723,1882,23752,2667,3286,23752,24480,34133,0,0,26608,37419,26608,26608,37419,2667,3286,37419,2,2,6,6,1571,22,1480,1599,5,1464,22,1480,6,8,13,1500,3,42,3/17/2017 8:10:26 PM,32753,13,1500,3,8,42,1599,5,6,1464,1571,22,22
24538,0.021273127,0.072914478,0.050591117,1584,0.012105263,17,3/17/2017 9:10:45 PM,58ca253ae04033ff8d2c8bd7,222530618111374_403382763359491,1,205,3,434,1,145,413,522,642,1735,1900,23795,2681,3313,23795,24538,34243,0,0,26678,37556,26678,26678,37556,2681,3313,37556,2,2,6,6,1583,23,1491,1612,5,1474,23,1491,6,8,13,1512,3,42,3/17/2017 9:10:45 PM,32854,13,1512,3,8,42,1612,5,6,1474,1583,23,23
24581,0.021398641,0.072959933,0.050513086,1591,0.012073491,17,3/17/2017 10:10:23 PM,58ca253ae04033ff8d2c8bd7,222530618111374_403382763359491,1,206,3,438,1,146,415,526,647,1739,1905,23835,2707,3350,23835,24581,34363,0,0,26753,37713,26753,26753,37713,2707,3350,37713,2,2,6,6,1590,23,1493,1619,5,1476,23,1493,6,8,13,1519,3,42,3/17/2017 10:10:23 PM,32964,13,1519,3,8,42,1619,5,6,1476,1590,23,23
24627,0.021480489,0.072896179,0.050404398,1592,0.012060829,17,3/17/2017 11:10:38 PM,58ca253ae04033ff8d2c8bd7,222530618111374_403382763359491,1,206,3,440,1,146,418,529,649,1742,1907,23897,2711,3375,23897,24627,34459,0,0,26823,37834,26823,26823,37834,2711,3375,37834,2,2,6,6,1591,23,1495,1620,5,1478,23,1495,6,8,13,1520,3,42,3/17/2017 11:10:38 PM,33048,13,1520,3,8,42,1620,5,6,1478,1591,23,23
24649,0.021542456,0.073054593,0.050415293,1595,0.012029289,18,3/18/2017 12:10:21 AM,58ca253ae04033ff8d2c8bd7,222530618111374_403382763359491,1,207,3,441,1,147,419,531,651,1749,1912,23941,2723,3396,23941,24649,34529,0,0,26864,37925,26864,26864,37925,2723,3396,37925,2,2,6,6,1594,23,1497,1623,5,1480,23,1497,6,8,13,1523,3,42,3/18/2017 12:10:21 AM,33104,13,1523,3,8,42,1623,5,6,1480,1594,23,23
24657,0.021657136,0.073218612,0.050556916,1599,0.011979167,18,3/18/2017 1:10:37 AM,58ca253ae04033ff8d2c8bd7,222530618111374_403382763359491,1,208,3,443,1,148,420,534,654,1753,1920,23942,2741,3408,23942,24657,34569,0,0,26873,37977,26873,26873,37977,2741,3408,37977,2,2,6,6,1598,23,1499,1627,5,1483,23,1499,6,8,13,1527,3,42,3/18/2017 1:10:37 AM,33137,13,1527,3,8,42,1627,5,6,1483,1598,23,23
24682,0.021756746,0.073427450,0.050747526,1603,0.011929461,18,3/18/2017 2:10:33 AM,58ca253ae04033ff8d2c8bd7,222530618111374_403382763359491,1,208,3,445,1,148,423,537,656,1758,1928,23942,2745,3412,23942,24682,34580,0,0,26903,37992,26903,26903,37992,2745,3412,37992,2,2,6,6,1602,23,1505,1631,5,1489,23,1505,6,8,13,1531,3,42,3/18/2017 2:10:33 AM,33146,13,1531,3,8,42,1631,5,6,1489,1602,23,23
24682,0.021756746,0.073427450,0.050735507,1603,0.011929461,18,3/18/2017 3:10:30 AM,58ca253ae04033ff8d2c8bd7,222530618111374_403382763359491,1,208,3,445,1,148,423,537,656,1758,1928,23942,2753,3417,23942,24682,34584,0,0,26903,38001,26903,26903,38001,2753,3417,38001,2,2,6,6,1602,23,1505,1631,5,1489,23,1505,6,8,13,1531,3,42,3/18/2017 3:10:30 AM,33151,13,1531,3,8,42,1631,5,6,1489,1602,23,23
24682,0.021756746,0.073427450,0.050734172,1603,0.011929461,18,3/18/2017 4:10:26 AM,58ca253ae04033ff8d2c8bd7,222530618111374_403382763359491,1,208,3,445,1,148,423,537,656,1758,1928,23942,2753,3417,23942,24682,34585,0,0,26903,38002,26903,26903,38002,2753,3417,38002,2,2,6,6,1602,23,1505,1631,5,1489,23,1505,6,8,13,1531,3,42,3/18/2017 4:10:26 AM,33151,13,1531,3,8,42,1631,5,6,1489,1602,23,23
24682,0.021756746,0.073427450,0.050727498,1603,0.011929461,18,3/18/2017 5:10:31 AM,58ca253ae04033ff8d2c8bd7,222530618111374_403382763359491,1,208,3,445,1,148,423,537,656,1758,1928,23942,2757,3419,23942,24682,34588,0,0,26903,38007,26903,26903,38007,2757,3419,38007,2,2,6,6,1602,23,1505,1631,5,1489,23,1505,6,8,13,1531,3,42,3/18/2017 5:10:31 AM,33153,13,1531,3,8,42,1631,5,6,1489,1602,23,23
24682,0.021756746,0.073427450,0.050724828,1603,0.011929461,18,3/18/2017 6:10:49 AM,58ca253ae04033ff8d2c8bd7,222530618111374_403382763359491,1,208,3,445,1,148,423,537,656,1758,1928,23942,2757,3421,23942,24682,34588,0,0,26903,38009,26903,26903,38009,2757,3421,38009,2,2,6,6,1602,23,1505,1631,5,1489,23,1505,6,8,13,1531,3,42,3/18/2017 6:10:49 AM,33153,13,1531,3,8,42,1631,5,6,1489,1602,23,23
24682,0.021756746,0.073427450,0.050712820,1603,0.011929461,18,3/18/2017 7:10:23 AM,58ca253ae04033ff8d2c8bd7,222530618111374_403382763359491,1,208,3,446,1,148,423,537,657,1758,1928,23942,2757,3426,23942,24682,34592,0,0,26903,38018,26903,26903,38018,2757,3426,38018,2,2,6,6,1602,23,1505,1631,5,1489,23,1505,6,8,13,1531,3,42,3/18/2017 7:10:23 AM,33156,13,1531,3,8,42,1631,5,6,1489,1602,23,23
24730,0.021754954,0.073289699,0.050724066,1603,0.011917098,18,3/18/2017 8:10:20 AM,58ca253ae04033ff8d2c8bd7,222530618111374_403382763359491,1,208,3,447,1,148,424,538,658,1758,1930,23987,2761,3437,23987,24730,34612,0,0,26985,38049,26985,26985,38049,2761,3437,38049,2,2,6,6,1602,23,1505,1631,5,1489,23,1505,6,8,13,1531,3,42,3/18/2017 8:10:20 AM,33174,13,1531,3,8,42,1631,5,6,1489,1602,23,23
24736,0.021749677,0.073271371,0.050677450,1603,0.011917098,18,3/18/2017 9:10:17 AM,58ca253ae04033ff8d2c8bd7,222530618111374_403382763359491,1,208,3,447,1,148,424,538,658,1758,1930,23993,2768,3447,23993,24736,34637,0,0,26993,38084,26993,26993,38084,2768,3447,38084,2,2,6,6,1602,23,1505,1631,5,1489,23,1505,6,8,13,1531,3,42,3/18/2017 9:10:17 AM,33196,13,1531,3,8,42,1631,5,6,1489,1602,23,23
24742,0.021784819,0.073271371,0.050709620,1605,0.011898603,18,3/18/2017 10:10:18 AM,58ca253ae04033ff8d2c8bd7,222530618111374_403382763359491,1,208,3,448,1,148,425,539,659,1758,1933,23993,2776,3458,23993,24742,34661,0,0,27000,38119,27000,27000,38119,2776,3458,38119,2,2,6,6,1604,23,1505,1633,5,1489,23,1505,6,8,13,1533,3,42,3/18/2017 10:10:18 AM,33213,13,1533,3,8,42,1633,5,6,1489,1604,23,23
24742,0.021946488,0.073479765,0.050726157,1606,0.011886305,18,3/18/2017 11:10:16 AM,58ca253ae04033ff8d2c8bd7,222530618111374_403382763359491,1,209,3,454,1,149,429,543,666,1763,1935,23993,2788,3465,23993,24742,34681,0,0,27000,38146,27000,27000,38146,2788,3465,38146,2,2,6,6,1605,23,1507,1634,5,1491,23,1507,6,8,13,1534,3,42,3/18/2017 11:10:16 AM,33231,13,1534,3,8,42,1634,5,6,1491,1605,23,23
24767,0.022126216,0.073854874,0.051026823,1608,0.011806982,18,3/18/2017 12:10:18 PM,58ca253ae04033ff8d2c8bd7,222530618111374_403382763359491,1,209,3,458,1,149,434,548,670,1772,1948,23993,2792,3475,23993,24767,34701,0,0,27076,38176,27076,27076,38176,2792,3475,38176,2,2,6,6,1607,23,1510,1636,5,1493,23,1510,6,8,13,1536,3,42,3/18/2017 12:10:18 PM,33246,13,1536,3,8,42,1636,5,6,1493,1607,23,23
24780,0.022235674,0.073817955,0.051057260,1609,0.011788826,18,3/18/2017 1:10:22 PM,58ca253ae04033ff8d2c8bd7,222530618111374_403382763359491,1,210,3,459,1,150,435,551,672,1772,1951,24005,2792,3481,24005,24780,34731,0,0,27091,38212,27091,27091,38212,2792,3481,38212,2,2,6,6,1608,23,1510,1637,5,1493,23,1510,6,8,13,1537,3,42,3/18/2017 1:10:22 PM,33269,13,1537,3,8,42,1637,5,6,1493,1608,23,23
24799,0.022258962,0.073905983,0.051080190,1611,0.011776754,18,3/18/2017 2:10:26 PM,58ca253ae04033ff8d2c8bd7,222530618111374_403382763359491,1,210,3,461,1,150,436,552,674,1775,1953,24017,2800,3485,24017,24799,34749,0,0,27114,38234,27114,27114,38234,2800,3485,38234,2,2,6,6,1610,23,1510,1639,5,1493,23,1510,6,8,13,1539,3,42,3/18/2017 2:10:26 PM,33282,13,1539,3,8,42,1639,5,6,1493,1610,23,23
24799,0.022460583,0.073989258,0.051258593,1612,0.011728710,18,3/18/2017 3:10:27 PM,58ca253ae04033ff8d2c8bd7,222530618111374_403382763359491,1,210,3,469,1,150,441,557,682,1777,1961,24017,2803,3492,24017,24799,34765,0,0,27129,38257,27129,27129,38257,2803,3492,38257,2,2,6,6,1611,23,1510,1640,5,1493,23,1510,6,8,13,1540,3,42,3/18/2017 3:10:27 PM,33297,13,1540,3,8,42,1640,5,6,1493,1611,23,23
24837,0.022667794,0.074072532,0.051287408,1614,0.011710794,18,3/18/2017 4:10:24 PM,58ca253ae04033ff8d2c8bd7,222530618111374_403382763359491,1,210,3,473,1,150,446,563,686,1779,1964,24017,2803,3507,24017,24837,34787,0,0,27186,38294,27186,27186,38294,2803,3507,38294,2,2,6,6,1613,23,1510,1642,5,1493,23,1510,6,8,13,1542,3,42,3/18/2017 4:10:24 PM,33312,13,1542,3,8,42,1642,5,6,1493,1613,23,23
24837,0.022748319,0.074197444,0.051260636,1614,0.011710794,18,3/18/2017 5:10:18 PM,58ca253ae04033ff8d2c8bd7,222530618111374_403382763359491,1,210,3,476,1,150,449,565,689,1782,1964,24017,2803,3510,24017,24837,34804,0,0,27186,38314,27186,27186,38314,2803,3510,38314,2,2,6,6,1613,23,1510,1642,5,1493,23,1510,6,8,13,1542,3,42,3/18/2017 5:10:18 PM,33321,13,1542,3,8,42,1642,5,6,1493,1613,23,23
24860,0.022727273,0.074197444,0.051217858,1615,0.011710794,18,3/18/2017 6:10:25 PM,58ca253ae04033ff8d2c8bd7,222530618111374_403382763359491,1,210,3,476,1,150,449,565,689,1782,1964,24017,2815,3525,24017,24860,34821,0,0,27200,38346,27200,27200,38346,2815,3525,38346,2,2,6,6,1614,23,1510,1643,5,1493,23,1510,6,8,13,1543,3,42,3/18/2017 6:10:25 PM,33331,13,1543,3,8,42,1643,5,6,1493,1614,23,23
24872,0.022796719,0.074160390,0.051184488,1617,0.011710794,18,3/18/2017 7:10:29 PM,58ca253ae04033ff8d2c8bd7,222530618111374_403382763359491,1,211,3,477,1,151,449,567,691,1782,1964,24029,2823,3531,24029,24872,34840,0,0,27269,38371,27269,27269,38371,2823,3531,38371,2,2,6,6,1616,23,1510,1645,5,1493,23,1510,6,8,13,1545,3,42,3/18/2017 7:10:29 PM,33341,13,1545,3,8,42,1645,5,6,1493,1616,23,23
24872,0.022877131,0.074243622,0.051223958,1619,0.011692933,18,3/18/2017 8:10:47 PM,58ca253ae04033ff8d2c8bd7,222530618111374_403382763359491,1,211,3,479,1,151,451,569,693,1784,1967,24029,2827,3542,24029,24872,34858,0,0,27269,38400,27269,27269,38400,2827,3542,38400,2,2,6,6,1618,23,1512,1647,5,1495,23,1512,6,8,13,1547,3,42,3/18/2017 8:10:47 PM,33350,13,1547,3,8,42,1647,5,6,1495,1618,23,23
24885,0.022945550,0.074414542,0.051382165,1622,0.011651469,18,3/18/2017 9:10:29 PM,58ca253ae04033ff8d2c8bd7,222530618111374_403382763359491,1,211,3,480,1,151,453,571,694,1789,1974,24041,2827,3545,24041,24885,34873,0,0,27285,38418,27285,27285,38418,2827,3545,38418,2,2,6,6,1621,23,1518,1650,5,1501,23,1518,6,8,13,1550,3,42,3/18/2017 9:10:29 PM,33360,13,1550,3,8,42,1650,5,6,1501,1621,23,23
24885,0.022945550,0.074358868,0.051340737,1624,0.011651469,18,3/18/2017 10:10:26 PM,58ca253ae04033ff8d2c8bd7,222530618111374_403382763359491,1,211,3,480,1,151,453,571,694,1789,1974,24059,2831,3553,24059,24885,34896,0,0,27285,38449,27285,27285,38449,2831,3553,38449,2,2,6,6,1623,23,1520,1652,5,1503,23,1520,6,8,13,1552,3,42,3/18/2017 10:10:26 PM,33377,13,1552,3,8,42,1652,5,6,1503,1623,23,23
24885,0.023025919,0.074441997,0.051369329,1625,0.011633789,18,3/18/2017 11:10:14 PM,58ca253ae04033ff8d2c8bd7,222530618111374_403382763359491,1,211,3,482,1,151,455,573,696,1791,1977,24059,2835,3559,24059,24885,34927,0,0,27285,38486,27285,27285,38486,2835,3559,38486,2,2,6,6,1624,23,1520,1653,5,1503,23,1520,6,8,13,1553,3,42,3/18/2017 11:10:14 PM,33399,13,1553,3,8,42,1653,5,6,1503,1624,23,23
24888,0.023183864,0.074441997,0.051476508,1625,0.011604440,19,3/19/2017 12:10:19 AM,58ca253ae04033ff8d2c8bd7,222530618111374_403382763359491,1,211,3,488,1,151,459,577,702,1791,1982,24059,2835,3563,24059,24888,34940,0,0,27289,38503,27289,27289,38503,2835,3563,38503,2,2,6,6,1624,23,1520,1653,5,1503,23,1520,6,8,13,1553,3,42,3/19/2017 12:10:19 AM,33409,13,1553,3,8,42,1653,5,6,1503,1624,23,23
24888,0.023183864,0.074441997,0.051465815,1625,0.011604440,19,3/19/2017 1:10:29 AM,58ca253ae04033ff8d2c8bd7,222530618111374_403382763359491,1,211,3,490,1,151,460,577,704,1791,1982,24059,2835,3565,24059,24888,34946,0,0,27289,38511,27289,27289,38511,2835,3565,38511,2,2,6,6,1624,23,1520,1653,5,1503,23,1520,6,8,13,1553,3,42,3/19/2017 1:10:29 AM,33413,13,1553,3,8,42,1653,5,6,1503,1624,23,23
24888,0.023264224,0.074566690,0.051528996,1625,0.011586902,19,3/19/2017 2:10:26 AM,58ca253ae04033ff8d2c8bd7,222530618111374_403382763359491,1,212,3,490,1,153,460,579,705,1794,1985,24059,2839,3566,24059,24888,34956,0,0,27289,38522,27289,27289,38522,2839,3566,38522,2,2,6,6,1624,23,1520,1653,5,1503,23,1520,6,8,13,1553,3,42,3/19/2017 2:10:26 AM,33421,13,1553,3,8,42,1653,5,6,1503,1624,23,23
24888,0.023264224,0.074566690,0.051526321,1625,0.011586902,19,3/19/2017 3:10:26 AM,58ca253ae04033ff8d2c8bd7,222530618111374_403382763359491,1,212,3,490,1,153,460,579,705,1794,1985,24059,2843,3567,24059,24888,34957,0,0,27296,38524,27296,27296,38524,2843,3567,38524,2,2,6,6,1624,23,1520,1653,5,1503,23,1520,6,8,13,1553,3,42,3/19/2017 3:10:26 AM,33422,13,1553,3,8,42,1653,5,6,1503,1624,23,23
24888,0.023264224,0.074566690,0.051523646,1625,0.011586902,19,3/19/2017 4:10:20 AM,58ca253ae04033ff8d2c8bd7,222530618111374_403382763359491,1,212,3,490,1,153,460,579,705,1794,1985,24059,2843,3567,24059,24888,34959,0,0,27296,38526,27296,27296,38526,2843,3567,38526,2,2,6,6,1624,23,1520,1653,5,1503,23,1520,6,8,13,1553,3,42,3/19/2017 4:10:20 AM,33423,13,1553,3,8,42,1653,5,6,1503,1624,23,23
24888,0.023264224,0.074566690,0.051523646,1625,0.011586902,19,3/19/2017 5:10:46 AM,58ca253ae04033ff8d2c8bd7,222530618111374_403382763359491,1,212,3,490,1,153,460,579,705,1794,1985,24059,2843,3567,24059,24888,34959,0,0,27296,38526,27296,27296,38526,2843,3567,38526,2,2,6,6,1624,23,1520,1653,5,1503,23,1520,6,8,13,1553,3,42,3/19/2017 5:10:46 AM,33423,13,1553,3,8,42,1653,5,6,1503,1624,23,23
24888,0.023304404,0.074566690,0.051519635,1625,0.011586902,19,3/19/2017 6:10:25 AM,58ca253ae04033ff8d2c8bd7,222530618111374_403382763359491,1,212,3,491,1,153,461,580,706,1794,1985,24059,2843,3570,24059,24888,34959,0,0,27296,38529,27296,27296,38529,2843,3570,38529,2,2,6,6,1624,23,1520,1653,5,1503,23,1520,6,8,13,1553,3,42,3/19/2017 6:10:25 AM,33423,13,1553,3,8,42,1653,5,6,1503,1624,23,23
24933,0.023262343,0.074436745,0.051511613,1626,0.011586902,19,3/19/2017 7:10:20 AM,58ca253ae04033ff8d2c8bd7,222530618111374_403382763359491,1,212,3,491,1,153,461,580,706,1794,1985,24101,2843,3573,24101,24933,34962,0,0,27350,38535,27350,27350,38535,2843,3573,38535,2,2,6,6,1625,23,1520,1654,5,1503,23,1520,6,8,13,1554,3,42,3/19/2017 7:10:20 AM,33426,13,1554,3,8,42,1654,5,6,1503,1625,23,23
24933,0.023262343,0.074519730,0.051495577,1627,0.011586902,19,3/19/2017 8:10:22 AM,58ca253ae04033ff8d2c8bd7,222530618111374_403382763359491,1,212,3,491,1,153,461,580,706,1796,1985,24101,2843,3576,24101,24933,34971,0,0,27350,38547,27350,27350,38547,2843,3576,38547,2,2,6,6,1626,23,1520,1655,5,1503,23,1520,6,8,13,1555,3,42,3/19/2017 8:10:22 AM,33430,13,1555,3,8,42,1655,5,6,1503,1626,23,23
24975,0.023263263,0.074408584,0.051558691,1627,0.011569417,19,3/19/2017 9:10:31 AM,58ca253ae04033ff8d2c8bd7,222530618111374_403382763359491,1,212,3,493,1,153,463,581,708,1796,1988,24137,2843,3576,24137,24975,34982,0,0,27400,38558,27400,27400,38558,2843,3576,38558,2,2,6,6,1626,23,1520,1655,5,1503,23,1520,6,8,13,1555,3,42,3/19/2017 9:10:31 AM,33435,13,1555,3,8,42,1655,5,6,1503,1626,23,23
25013,0.023227922,0.074408584,0.051543986,1627,0.011569417,19,3/19/2017 10:10:20 AM,58ca253ae04033ff8d2c8bd7,222530618111374_403382763359491,1,212,3,494,1,153,464,581,709,1796,1988,24137,2843,3576,24137,25013,34993,0,0,27400,38569,27400,27400,38569,2843,3576,38569,2,2,6,6,1626,23,1520,1655,5,1503,23,1520,6,8,13,1555,3,42,3/19/2017 10:10:20 AM,33442,13,1555,3,8,42,1655,5,6,1503,1626,23,23
25039,0.023203802,0.074334672,0.051531961,1629,0.011569417,19,3/19/2017 11:10:18 AM,58ca253ae04033ff8d2c8bd7,222530618111374_403382763359491,1,212,3,494,1,153,464,581,709,1796,1988,24161,2843,3578,24161,25039,35000,0,0,27415,38578,27415,27415,38578,2843,3578,38578,2,2,6,6,1628,23,1520,1657,5,1503,23,1520,6,8,13,1557,3,42,3/19/2017 11:10:18 AM,33448,13,1557,3,8,42,1657,5,6,1503,1628,23,23
25046,0.023317097,0.074624395,0.051858187,1633,0.011494253,19,3/19/2017 12:10:24 PM,58ca253ae04033ff8d2c8bd7,222530618111374_403382763359491,1,212,3,497,1,153,466,584,712,1803,2001,24161,2847,3579,24161,25046,35007,0,0,27423,38586,27423,27423,38586,2847,3579,38586,2,2,6,6,1632,23,1528,1661,5,1512,23,1528,6,8,13,1561,3,42,3/19/2017 12:10:24 PM,33453,13,1561,3,8,42,1661,5,6,1512,1632,23,23
25069,0.023415374,0.074831340,0.051963527,1634,0.011465603,19,3/19/2017 1:10:17 PM,58ca253ae04033ff8d2c8bd7,222530618111374_403382763359491,1,212,3,503,1,153,469,587,718,1808,2006,24161,2851,3582,24161,25069,35022,0,0,27450,38604,27450,27450,38604,2851,3582,38604,2,2,6,6,1633,23,1531,1662,5,1514,23,1531,6,8,13,1562,3,42,3/19/2017 1:10:17 PM,33462,13,1562,3,8,42,1662,5,6,1514,1633,23,23
25069,0.023495153,0.074955507,0.052029109,1635,0.011448482,19,3/19/2017 2:10:46 PM,58ca253ae04033ff8d2c8bd7,222530618111374_403382763359491,1,212,3,505,1,153,471,589,720,1811,2009,24161,2851,3584,24161,25069,35029,0,0,27450,38613,27450,27450,38613,2851,3584,38613,2,2,6,6,1634,23,1533,1663,5,1516,23,1533,6,8,13,1563,3,42,3/19/2017 2:10:46 PM,33465,13,1563,3,8,42,1663,5,6,1516,1634,23,23
25069,0.023614823,0.075121063,0.052267785,1637,0.011391778,19,3/19/2017 3:10:19 PM,58ca253ae04033ff8d2c8bd7,222530618111374_403382763359491,1,212,3,507,1,153,474,592,722,1815,2019,24161,2855,3589,24161,25069,35039,0,0,27450,38628,27450,27450,38628,2855,3589,38628,2,2,6,6,1636,23,1537,1665,5,1520,23,1537,6,8,13,1565,3,42,3/19/2017 3:10:19 PM,33472,13,1565,3,8,42,1665,5,6,1520,1636,23,23
25069,0.023734493,0.075245230,0.052334610,1637,0.011374876,19,3/19/2017 4:10:36 PM,58ca253ae04033ff8d2c8bd7,222530618111374_403382763359491,1,212,3,512,1,153,476,595,727,1818,2022,24161,2855,3592,24161,25069,35044,0,0,27466,38636,27466,27466,38636,2855,3592,38636,2,2,6,6,1636,23,1537,1665,5,1520,23,1537,6,8,13,1565,3,42,3/19/2017 4:10:36 PM,33474,13,1565,3,8,42,1665,5,6,1520,1636,23,23
25069,0.023734493,0.075328008,0.052394629,1639,0.011358025,19,3/19/2017 5:10:22 PM,58ca253ae04033ff8d2c8bd7,222530618111374_403382763359491,1,212,3,514,1,153,476,595,729,1820,2025,24161,2855,3597,24161,25069,35052,0,0,27466,38649,27466,27466,38649,2855,3597,38649,2,2,6,6,1638,23,1539,1667,5,1522,23,1539,6,8,13,1567,3,42,3/19/2017 5:10:22 PM,33478,13,1567,3,8,42,1667,5,6,1522,1638,23,23
25069,0.023734493,0.075328008,0.052385141,1640,0.011358025,19,3/19/2017 6:10:24 PM,58ca253ae04033ff8d2c8bd7,222530618111374_403382763359491,1,212,3,515,1,153,476,595,730,1820,2025,24161,2855,3598,24161,25069,35058,0,0,27466,38656,27466,27466,38656,2855,3598,38656,2,2,6,6,1639,23,1539,1668,5,1522,23,1539,6,8,13,1568,3,42,3/19/2017 6:10:24 PM,33482,13,1568,3,8,42,1668,5,6,1522,1639,23,23
25069,0.023894052,0.075328008,0.052509053,1640,0.011330049,19,3/19/2017 7:10:34 PM,58ca253ae04033ff8d2c8bd7,222530618111374_403382763359491,1,212,3,519,1,153,480,599,734,1820,2030,24161,2855,3599,24161,25069,35061,0,0,27466,38660,27466,27466,38660,2855,3599,38660,2,2,6,6,1639,23,1539,1668,5,1522,23,1539,6,8,13,1568,3,42,3/19/2017 7:10:34 PM,33484,13,1568,3,8,42,1668,5,6,1522,1639,23,23
25069,0.023933942,0.075452175,0.052650634,1642,0.011296660,19,3/19/2017 8:10:22 PM,58ca253ae04033ff8d2c8bd7,222530618111374_403382763359491,1,212,3,524,1,153,483,600,739,1823,2036,24161,2859,3602,24161,25069,35068,0,0,27466,38670,27466,27466,38670,2859,3602,38670,2,2,6,6,1641,23,1541,1670,5,1524,23,1541,6,8,13,1570,3,42,3/19/2017 8:10:22 PM,33487,13,1570,3,8,42,1670,5,6,1524,1641,23,23
25069,0.024093502,0.075534953,0.052769016,1642,0.011268986,19,3/19/2017 9:10:27 PM,58ca253ae04033ff8d2c8bd7,222530618111374_403382763359491,1,212,3,530,1,153,486,604,745,1825,2041,24161,2859,3603,24161,25069,35075,0,0,27466,38678,27466,27466,38678,2859,3603,38678,2,2,6,6,1641,23,1541,1670,5,1524,23,1541,6,8,13,1570,3,42,3/19/2017 9:10:27 PM,33491,13,1570,3,8,42,1670,5,6,1524,1641,23,23
25069,0.024213172,0.075534953,0.052838383,1643,0.011252446,19,3/19/2017 10:10:20 PM,58ca253ae04033ff8d2c8bd7,222530618111374_403382763359491,1,212,3,532,1,153,489,607,747,1825,2044,24161,2863,3604,24161,25069,35080,0,0,27466,38684,27466,27466,38684,2863,3604,38684,2,2,6,6,1642,23,1543,1671,5,1526,23,1543,6,8,13,1571,3,42,3/19/2017 10:10:20 PM,33494,13,1571,3,8,42,1671,5,6,1526,1642,23,23
25069,0.024372731,0.075659120,0.052876415,1645,0.011241447,19,3/19/2017 11:10:21 PM,58ca253ae04033ff8d2c8bd7,222530618111374_403382763359491,1,212,3,537,1,153,493,611,752,1828,2046,24161,2867,3608,24161,25069,35086,0,0,27466,38694,27466,27466,38694,2867,3608,38694,2,2,6,6,1644,23,1543,1673,5,1526,23,1543,6,8,13,1573,3,42,3/19/2017 11:10:21 PM,33495,13,1573,3,8,42,1673,5,6,1526,1644,23,23
25069,0.024532291,0.075741898,0.053025996,1647,0.011208577,20,3/20/2017 12:10:24 AM,58ca253ae04033ff8d2c8bd7,222530618111374_403382763359491,1,212,3,542,1,153,497,615,757,1830,2052,24161,2867,3608,24161,25069,35090,0,0,27466,38698,27466,27466,38698,2867,3608,38698,2,2,6,6,1646,23,1547,1675,5,1531,23,1547,6,8,13,1575,3,42,3/20/2017 12:10:24 AM,33497,13,1575,3,8,42,1675,5,6,1531,1646,23,23
25069,0.024572181,0.075866065,0.053095287,1649,0.011192214,20,3/20/2017 1:10:13 AM,58ca253ae04033ff8d2c8bd7,222530618111374_403382763359491,1,212,3,544,1,153,498,616,759,1833,2055,24161,2867,3609,24161,25069,35095,0,0,27466,38704,27466,27466,38704,2867,3609,38704,2,2,6,6,1648,23,1550,1677,5,1533,23,1550,6,8,13,1577,3,42,3/20/2017 1:10:13 AM,33498,13,1577,3,8,42,1677,5,6,1533,1648,23,23
25069,0.024572181,0.075866065,0.053093916,1649,0.011192214,20,3/20/2017 2:10:14 AM,58ca253ae04033ff8d2c8bd7,222530618111374_403382763359491,1,212,3,544,1,153,498,616,759,1833,2055,24161,2867,3610,24161,25069,35095,0,0,27466,38705,27466,27466,38705,2867,3610,38705,2,2,6,6,1648,23,1550,1677,5,1533,23,1550,6,8,13,1577,3,42,3/20/2017 2:10:14 AM,33498,13,1577,3,8,42,1677,5,6,1533,1648,23,23
25088,0.024553571,0.075809587,0.053092544,1649,0.011192214,20,3/20/2017 3:10:14 AM,58ca253ae04033ff8d2c8bd7,222530618111374_403382763359491,1,212,3,544,1,153,498,616,759,1833,2055,24179,2867,3610,24179,25088,35096,0,0,27489,38706,27489,27489,38706,2867,3610,38706,2,2,6,6,1648,23,1550,1677,5,1533,23,1550,6,8,13,1577,3,42,3/20/2017 3:10:14 AM,33499,13,1577,3,8,42,1677,5,6,1533,1648,23,23
25088,0.024593431,0.075809587,0.053140097,1649,0.011181332,20,3/20/2017 4:10:18 AM,58ca253ae04033ff8d2c8bd7,222530618111374_403382763359491,1,212,3,545,1,153,499,617,760,1833,2057,24179,2867,3610,24179,25088,35099,0,0,27489,38709,27489,27489,38709,2867,3610,38709,2,2,6,6,1648,23,1550,1677,5,1533,23,1550,6,8,13,1577,3,42,3/20/2017 4:10:18 AM,33499,13,1577,3,8,42,1677,5,6,1533,1648,23,23
25088,0.024593431,0.075809587,0.053140097,1649,0.011181332,20,3/20/2017 5:10:36 AM,58ca253ae04033ff8d2c8bd7,222530618111374_403382763359491,1,212,3,545,1,153,499,617,760,1833,2057,24179,2867,3610,24179,25088,35099,0,0,27489,38709,27489,27489,38709,2867,3610,38709,2,2,6,6,1648,23,1550,1677,5,1533,23,1550,6,8,13,1577,3,42,3/20/2017 5:10:36 AM,33499,13,1577,3,8,42,1677,5,6,1533,1648,23,23
25088,0.024593431,0.075809587,0.053138724,1649,0.011181332,20,3/20/2017 6:10:37 AM,58ca253ae04033ff8d2c8bd7,222530618111374_403382763359491,1,212,3,545,1,153,499,617,760,1833,2057,24179,2867,3610,24179,25088,35100,0,0,27489,38710,27489,27489,38710,2867,3610,38710,2,2,6,6,1648,23,1550,1677,5,1533,23,1550,6,8,13,1577,3,42,3/20/2017 6:10:37 AM,33500,13,1577,3,8,42,1677,5,6,1533,1648,23,23
25088,0.024593431,0.075809587,0.053137351,1650,0.011181332,20,3/20/2017 7:10:20 AM,58ca253ae04033ff8d2c8bd7,222530618111374_403382763359491,1,212,3,545,1,153,499,617,760,1833,2057,24179,2867,3611,24179,25088,35100,0,0,27489,38711,27489,27489,38711,2867,3611,38711,2,2,6,6,1649,23,1550,1678,5,1533,23,1550,6,8,13,1578,3,42,3/20/2017 7:10:20 AM,33500,13,1578,3,8,42,1678,5,6,1533,1649,23,23
25088,0.024713010,0.075975020,0.053288216,1651,0.011148812,20,3/20/2017 8:10:21 AM,58ca253ae04033ff8d2c8bd7,222530618111374_403382763359491,1,212,3,547,1,153,502,620,762,1837,2063,24179,2867,3611,24179,25088,35103,0,0,27489,38714,27489,27489,38714,2867,3611,38714,2,2,6,6,1650,23,1552,1679,5,1535,23,1552,6,8,13,1579,3,42,3/20/2017 8:10:21 AM,33502,13,1579,3,8,42,1679,5,6,1535,1650,23,23
25088,0.024713010,0.075975020,0.053351927,1651,0.011616651,20,3/20/2017 9:10:43 AM,58ca253ae04033ff8d2c8bd7,222530618111374_403382763359491,1,212,3,547,1,153,502,620,762,1837,2066,24179,2867,3616,24179,25088,35108,0,0,27489,38724,27489,27489,38724,2867,3616,38724,2,2,6,6,1650,24,1554,1680,5,1535,24,1554,6,8,13,1579,3,42,3/20/2017 9:10:43 AM,33504,13,1579,3,8,42,1680,5,6,1535,1650,24,24
25088,0.024832589,0.075975020,0.053391165,1651,0.011605416,20,3/20/2017 10:10:18 AM,58ca253ae04033ff8d2c8bd7,222530618111374_403382763359491,1,212,3,550,1,153,504,623,765,1837,2068,24179,2871,3623,24179,25088,35110,0,0,27489,38733,27489,27489,38733,2871,3623,38733,2,2,6,6,1650,24,1554,1680,5,1535,24,1554,6,8,13,1579,3,42,3/20/2017 10:10:18 AM,33506,13,1579,3,8,42,1680,5,6,1535,1650,24,24
25088,0.024872449,0.075975020,0.053456197,1652,0.011588605,20,3/20/2017 11:10:19 AM,58ca253ae04033ff8d2c8bd7,222530618111374_403382763359491,1,212,3,551,1,153,506,624,766,1837,2071,24179,2875,3630,24179,25088,35112,0,0,27519,38742,27519,27519,38742,2875,3630,38742,2,2,6,6,1651,24,1556,1681,5,1537,24,1556,6,8,13,1580,3,42,3/20/2017 11:10:19 AM,33509,13,1580,3,8,42,1681,5,6,1537,1651,24,24
25088,0.024992028,0.075975020,0.053593085,1654,0.012036591,20,3/20/2017 12:10:19 PM,58ca253ae04033ff8d2c8bd7,222530618111374_403382763359491,1,212,3,554,1,153,508,627,769,1837,2077,24179,2880,3638,24179,25088,35117,0,0,27519,38755,27519,27519,38755,2880,3638,38755,2,2,6,6,1653,25,1558,1684,5,1539,25,1558,6,8,13,1580,3,44,3/20/2017 12:10:19 PM,33512,13,1580,3,8,44,1684,5,6,1539,1653,25,25
25088,0.024992028,0.075975020,0.053593085,1654,0.012036591,20,3/20/2017 1:10:23 PM,58ca253ae04033ff8d2c8bd7,222530618111374_403382763359491,1,212,3,554,1,153,508,627,769,1837,2077,24179,2880,3638,24179,25088,35117,0,0,27519,38755,27519,27519,38755,2880,3638,38755,2,2,6,6,1653,25,1558,1684,5,1539,25,1558,6,8,13,1580,3,44,3/20/2017 1:10:23 PM,33512,13,1580,3,8,44,1684,5,6,1539,1653,25,25
25088,0.025191327,0.076181811,0.053774534,1656,0.011990408,20,3/20/2017 2:10:27 PM,58ca253ae04033ff8d2c8bd7,222530618111374_403382763359491,1,213,3,561,1,153,515,632,777,1842,2085,24179,2892,3647,24179,25088,35126,0,0,27519,38773,27519,27519,38773,2892,3647,38773,2,2,6,6,1655,25,1562,1686,5,1543,25,1562,6,8,13,1582,3,44,3/20/2017 2:10:27 PM,33517,13,1582,3,8,44,1686,5,6,1543,1655,25,25
25088,0.025191327,0.076181811,0.053774534,1656,0.011990408,20,3/20/2017 3:10:26 PM,58ca253ae04033ff8d2c8bd7,222530618111374_403382763359491,1,213,3,561,1,153,515,632,777,1842,2085,24179,2892,3647,24179,25088,35126,0,0,27519,38773,27519,27519,38773,2892,3647,38773,2,2,6,6,1655,25,1562,1686,5,1543,25,1562,6,8,13,1582,3,44,3/20/2017 3:10:26 PM,33517,13,1582,3,8,44,1686,5,6,1543,1655,25,25
25088,0.025191327,0.076181811,0.053774534,1656,0.011990408,20,3/20/2017 4:10:24 PM,58ca253ae04033ff8d2c8bd7,222530618111374_403382763359491,1,213,3,561,1,153,515,632,777,1842,2085,24179,2892,3647,24179,25088,35126,0,0,27519,38773,27519,27519,38773,2892,3647,38773,2,2,6,6,1655,25,1562,1686,5,1543,25,1562,6,8,13,1582,3,44,3/20/2017 4:10:24 PM,33517,13,1582,3,8,44,1686,5,6,1543,1655,25,25
25088,0.025310906,0.076388602,0.053947470,1660,0.011944577,20,3/20/2017 5:10:28 PM,58ca253ae04033ff8d2c8bd7,222530618111374_403382763359491,1,213,3,565,1,153,518,635,781,1847,2093,24179,2904,3657,24179,25088,35140,0,0,27519,38797,27519,27519,38797,2904,3657,38797,2,2,6,6,1659,25,1569,1690,5,1550,25,1569,6,8,13,1585,3,45,3/20/2017 5:10:28 PM,33525,13,1585,3,8,45,1690,5,6,1550,1659,25,25
25088,0.025310906,0.076388602,0.053947470,1660,0.011944577,20,3/20/2017 6:10:17 PM,58ca253ae04033ff8d2c8bd7,222530618111374_403382763359491,1,213,3,565,1,153,518,635,781,1847,2093,24179,2904,3657,24179,25088,35140,0,0,27519,38797,27519,27519,38797,2904,3657,38797,2,2,6,6,1659,25,1569,1690,5,1550,25,1569,6,8,13,1585,3,45,3/20/2017 6:10:17 PM,33525,13,1585,3,8,45,1690,5,6,1550,1659,25,25
25088,0.025430485,0.076512676,0.054077032,1663,0.011910434,20,3/20/2017 7:10:53 PM,58ca253ae04033ff8d2c8bd7,222530618111374_403382763359491,1,213,3,568,1,153,522,638,784,1850,2099,24179,2908,3667,24179,25088,35148,0,0,27519,38815,27519,27519,38815,2908,3667,38815,2,2,6,6,1662,25,1571,1693,5,1552,25,1571,6,8,13,1588,3,45,3/20/2017 7:10:53 PM,33530,13,1588,3,8,45,1693,5,6,1552,1662,25,25
25088,0.025430485,0.076512676,0.054068674,1663,0.011910434,20,3/20/2017 8:10:59 PM,58ca253ae04033ff8d2c8bd7,222530618111374_403382763359491,1,213,3,570,1,153,522,638,786,1850,2099,24179,2908,3671,24179,25088,35150,0,0,27519,38821,27519,27519,38821,2908,3671,38821,2,2,6,6,1662,25,1571,1693,5,1552,25,1571,6,8,13,1588,3,45,3/20/2017 8:10:59 PM,33530,13,1588,3,8,45,1693,5,6,1552,1662,25,25
25088,0.025430485,0.076512676,0.054067281,1663,0.011910434,20,3/20/2017 9:10:22 PM,58ca253ae04033ff8d2c8bd7,222530618111374_403382763359491,1,213,3,570,1,153,522,638,786,1850,2099,24179,2908,3671,24179,25088,35151,0,0,27519,38822,27519,27519,38822,2908,3671,38822,2,2,6,6,1662,25,1571,1693,5,1552,25,1571,6,8,13,1588,3,45,3/20/2017 9:10:22 PM,33530,13,1588,3,8,45,1693,5,6,1552,1662,25,25
25088,0.025430485,0.076512676,0.054067281,1663,0.011910434,20,3/20/2017 10:10:33 PM,58ca253ae04033ff8d2c8bd7,222530618111374_403382763359491,1,213,3,570,1,153,522,638,786,1850,2099,24179,2908,3671,24179,25088,35151,0,0,27519,38822,27519,27519,38822,2908,3671,38822,2,2,6,6,1662,25,1571,1693,5,1552,25,1571,6,8,13,1588,3,45,3/20/2017 10:10:33 PM,33530,13,1588,3,8,45,1693,5,6,1552,1662,25,25
25088,0.025510204,0.076802184,0.054321242,1667,0.011848341,20,3/20/2017 11:10:24 PM,58ca253ae04033ff8d2c8bd7,222530618111374_403382763359491,1,213,3,572,1,153,525,640,788,1857,2110,24179,2917,3681,24179,25088,35162,0,0,27521,38843,27521,27521,38843,2917,3681,38843,2,2,6,6,1666,25,1578,1697,5,1558,25,1578,6,8,13,1592,3,45,3/20/2017 11:10:24 PM,33539,13,1592,3,8,45,1697,5,6,1558,1666,25,25
25088,0.025510204,0.076802184,0.054321242,1667,0.011848341,21,3/21/2017 12:10:19 AM,58ca253ae04033ff8d2c8bd7,222530618111374_403382763359491,1,213,3,572,1,153,525,640,788,1857,2110,24179,2917,3681,24179,25088,35162,0,0,27521,38843,27521,27521,38843,2917,3681,38843,2,2,6,6,1666,25,1578,1697,5,1558,25,1578,6,8,13,1592,3,45,3/21/2017 12:10:19 AM,33539,13,1592,3,8,45,1697,5,6,1558,1666,25,25
25088,0.025510204,0.076802184,0.054321242,1667,0.011848341,21,3/21/2017 1:10:19 AM,58ca253ae04033ff8d2c8bd7,222530618111374_403382763359491,1,213,3,572,1,153,525,640,788,1857,2110,24179,2917,3681,24179,25088,35162,0,0,27521,38843,27521,27521,38843,2917,3681,38843,2,2,6,6,1666,25,1578,1697,5,1558,25,1578,6,8,13,1592,3,45,3/21/2017 1:10:19 AM,33539,13,1592,3,8,45,1697,5,6,1558,1666,25,25
25088,0.025629783,0.077008975,0.054437352,1667,0.011820331,21,3/21/2017 2:10:16 AM,58ca253ae04033ff8d2c8bd7,222530618111374_403382763359491,1,213,3,575,1,153,527,643,791,1862,2115,24179,2917,3686,24179,25088,35166,0,0,27521,38852,27521,27521,38852,2917,3686,38852,2,2,6,6,1666,25,1578,1697,5,1558,25,1578,6,8,13,1592,3,45,3/21/2017 2:10:16 AM,33541,13,1592,3,8,45,1697,5,6,1558,1666,25,25
25088,0.025629783,0.077008975,0.054437352,1667,0.011820331,21,3/21/2017 3:10:29 AM,58ca253ae04033ff8d2c8bd7,222530618111374_403382763359491,1,213,3,575,1,153,527,643,791,1862,2115,24179,2917,3686,24179,25088,35166,0,0,27521,38852,27521,27521,38852,2917,3686,38852,2,2,6,6,1666,25,1578,1697,5,1558,25,1578,6,8,13,1592,3,45,3/21/2017 3:10:29 AM,33541,13,1592,3,8,45,1697,5,6,1558,1666,25,25
25088,0.025629783,0.077008975,0.054437352,1667,0.011820331,21,3/21/2017 4:10:25 AM,58ca253ae04033ff8d2c8bd7,222530618111374_403382763359491,1,213,3,575,1,153,527,643,791,1862,2115,24179,2917,3686,24179,25088,35166,0,0,27521,38852,27521,27521,38852,2917,3686,38852,2,2,6,6,1666,25,1578,1697,5,1558,25,1578,6,8,13,1592,3,45,3/21/2017 4:10:25 AM,33541,13,1592,3,8,45,1697,5,6,1558,1666,25,25
25088,0.025629783,0.077008975,0.054437352,1667,0.011820331,21,3/21/2017 5:10:16 AM,58ca253ae04033ff8d2c8bd7,222530618111374_403382763359491,1,213,3,575,1,153,527,643,791,1862,2115,24179,2917,3686,24179,25088,35166,0,0,27521,38852,27521,27521,38852,2917,3686,38852,2,2,6,6,1666,25,1578,1697,5,1558,25,1578,6,8,13,1592,3,45,3/21/2017 5:10:16 AM,33541,13,1592,3,8,45,1697,5,6,1558,1666,25,25
25088,0.025629783,0.077008975,0.054437352,1667,0.011820331,21,3/21/2017 6:10:30 AM,58ca253ae04033ff8d2c8bd7,222530618111374_403382763359491,1,213,3,575,1,153,527,643,791,1862,2115,24179,2917,3686,24179,25088,35166,0,0,27521,38852,27521,27521,38852,2917,3686,38852,2,2,6,6,1666,25,1578,1697,5,1558,25,1578,6,8,13,1592,3,45,3/21/2017 6:10:30 AM,33541,13,1592,3,8,45,1697,5,6,1558,1666,25,25
25088,0.025629783,0.077008975,0.054437352,1667,0.011820331,21,3/21/2017 7:10:26 AM,58ca253ae04033ff8d2c8bd7,222530618111374_403382763359491,1,213,3,575,1,153,527,643,791,1862,2115,24179,2917,3686,24179,25088,35166,0,0,27521,38852,27521,27521,38852,2917,3686,38852,2,2,6,6,1666,25,1578,1697,5,1558,25,1578,6,8,13,1592,3,45,3/21/2017 7:10:26 AM,33541,13,1592,3,8,45,1697,5,6,1558,1666,25,25
25088,0.025629783,0.077008975,0.054437352,1667,0.011820331,21,3/21/2017 8:10:22 AM,58ca253ae04033ff8d2c8bd7,222530618111374_403382763359491,1,213,3,575,1,153,527,643,791,1862,2115,24179,2917,3686,24179,25088,35166,0,0,27521,38852,27521,27521,38852,2917,3686,38852,2,2,6,6,1666,25,1578,1697,5,1558,25,1578,6,8,13,1592,3,45,3/21/2017 8:10:22 AM,33541,13,1592,3,8,45,1697,5,6,1558,1666,25,25
25095,0.025622634,0.077008975,0.054427546,1667,0.011820331,21,3/21/2017 9:10:22 AM,58ca253ae04033ff8d2c8bd7,222530618111374_403382763359491,1,213,3,576,1,153,529,643,792,1862,2115,24179,2921,3689,24179,25095,35170,0,0,27529,38859,27529,27529,38859,2921,3689,38859,2,2,6,6,1666,25,1578,1697,5,1558,25,1578,6,8,13,1592,3,45,3/21/2017 9:10:22 AM,33542,13,1592,3,8,45,1697,5,6,1558,1666,25,25
25095,0.025622634,0.077008975,0.054427546,1667,0.011820331,21,3/21/2017 10:10:19 AM,58ca253ae04033ff8d2c8bd7,222530618111374_403382763359491,1,213,3,576,1,153,529,643,792,1862,2115,24179,2921,3689,24179,25095,35170,0,0,27529,38859,27529,27529,38859,2921,3689,38859,2,2,6,6,1666,25,1578,1697,5,1558,25,1578,6,8,13,1592,3,45,3/21/2017 10:10:19 AM,33542,13,1592,3,8,45,1697,5,6,1558,1666,25,25
25095,0.025622634,0.077008975,0.054427546,1667,0.011820331,21,3/21/2017 11:10:22 AM,58ca253ae04033ff8d2c8bd7,222530618111374_403382763359491,1,213,3,580,1,153,529,643,792,1862,2115,24179,2921,3689,24179,25095,35170,0,0,27529,38859,27529,27529,38859,2921,3689,38859,2,2,6,6,1666,25,1578,1697,5,1558,25,1578,6,8,13,1592,3,45,3/21/2017 11:10:22 AM,33542,13,1592,3,8,45,1697,5,6,1558,1666,25,25
25099,0.025897446,0.077133049,0.054494931,1667,0.011803588,21,3/21/2017 12:10:25 PM,58ca253ae04033ff8d2c8bd7,222530618111374_403382763359491,1,213,3,580,1,153,535,650,798,1865,2118,24179,2921,3691,24179,25099,35175,0,0,27535,38866,27535,27535,38866,2921,3691,38866,2,2,6,6,1666,25,1578,1697,5,1558,25,1578,6,8,13,1592,3,45,3/21/2017 12:10:25 PM,33542,13,1592,3,8,45,1697,5,6,1558,1666,25,25
25099,0.025897446,0.077133049,0.054494931,1667,0.011803588,21,3/21/2017 1:10:23 PM,58ca253ae04033ff8d2c8bd7,222530618111374_403382763359491,1,213,3,583,1,153,535,650,798,1865,2118,24179,2921,3691,24179,25099,35175,0,0,27535,38866,27535,27535,38866,2921,3691,38866,2,2,6,6,1666,25,1578,1697,5,1558,25,1578,6,8,13,1592,3,45,3/21/2017 1:10:23 PM,33542,13,1592,3,8,45,1697,5,6,1558,1666,25,25
25099,0.025937288,0.077133049,0.054559486,1667,0.011786893,21,3/21/2017 2:10:30 PM,58ca253ae04033ff8d2c8bd7,222530618111374_403382763359491,1,213,3,583,1,153,537,651,800,1865,2121,24179,2921,3696,24179,25099,35179,0,0,27535,38875,27535,27535,38875,2925,3696,38875,2,2,6,6,1666,25,1578,1697,5,1558,25,1578,6,8,13,1592,3,45,3/21/2017 2:10:30 PM,33545,13,1592,3,8,45,1697,5,6,1558,1666,25,25
25099,0.025937288,0.077133049,0.054559486,1667,0.011786893,21,3/21/2017 3:10:28 PM,58ca253ae04033ff8d2c8bd7,222530618111374_403382763359491,1,213,3,584,1,153,537,651,800,1865,2121,24179,2929,3696,24179,25099,35179,0,0,27535,38875,27535,27535,38875,2925,3696,38875,2,2,6,6,1666,25,1578,1697,5,1558,25,1578,6,8,13,1592,3,45,3/21/2017 3:10:28 PM,33545,13,1592,3,8,45,1697,5,6,1558,1666,25,25
25099,0.025937288,0.077133049,0.054559486,1667,0.011786893,21,3/21/2017 4:10:29 PM,58ca253ae04033ff8d2c8bd7,222530618111374_403382763359491,1,213,3,584,1,153,537,651,800,1865,2121,24179,2929,3696,24179,25099,35179,0,0,27535,38875,27535,27535,38875,2925,3696,38875,2,2,6,6,1666,25,1578,1697,5,1558,25,1578,6,8,13,1592,3,45,3/21/2017 4:10:29 PM,33545,13,1592,3,8,45,1697,5,6,1558,1666,25,25
25122,0.026152376,0.077066116,0.054688504,1672,0.012223789,21,3/21/2017 5:10:31 PM,58ca253ae04033ff8d2c8bd7,222530618111374_403382763359491,1,215,3,586,1,155,539,657,804,1865,2127,24200,2937,3709,24200,25122,35184,0,0,27562,38893,27562,27562,38893,2937,3709,38893,2,2,6,6,1671,26,1580,1703,5,1560,26,1580,6,8,13,1597,3,45,3/21/2017 5:10:31 PM,33548,13,1597,3,8,45,1703,5,6,1560,1671,26,26
25122,0.026192182,0.077066116,0.054680069,1672,0.012223789,21,3/21/2017 6:10:42 PM,58ca253ae04033ff8d2c8bd7,222530618111374_403382763359491,1,215,3,588,1,155,540,658,806,1865,2127,24200,2937,3709,24200,25122,35190,0,0,27562,38899,27562,27562,38899,2937,3709,38899,2,2,6,6,1671,26,1580,1703,5,1560,26,1580,6,8,13,1597,3,45,3/21/2017 6:10:42 PM,33550,13,1597,3,8,45,1703,5,6,1560,1671,26,26
25122,0.026311599,0.077148760,0.054680069,1672,0.012223789,21,3/21/2017 7:10:32 PM,58ca253ae04033ff8d2c8bd7,222530618111374_403382763359491,1,215,3,588,1,155,540,661,806,1867,2127,24200,2937,3713,24200,25122,35190,0,0,27562,38899,27562,27562,38899,2937,3713,38899,2,2,6,6,1671,26,1580,1703,5,1560,26,1580,6,8,13,1597,3,45,3/21/2017 7:10:32 PM,33550,13,1597,3,8,45,1703,5,6,1560,1671,26,26
25122,0.026470822,0.077148760,0.054938843,1673,0.012160898,21,3/21/2017 8:10:25 PM,58ca253ae04033ff8d2c8bd7,222530618111374_403382763359491,1,215,3,596,1,155,548,665,814,1867,2138,24200,2937,3719,24200,25122,35197,0,0,27562,38916,27562,27562,38916,2937,3719,38916,2,2,6,6,1672,26,1580,1704,5,1560,26,1580,6,8,13,1598,3,45,3/21/2017 8:10:25 PM,33555,13,1598,3,8,45,1704,5,6,1560,1672,26,26
25122,0.026550434,0.077148760,0.054928962,1673,0.012160898,21,3/21/2017 9:10:18 PM,58ca253ae04033ff8d2c8bd7,222530618111374_403382763359491,1,215,3,597,1,155,550,667,815,1867,2138,24200,2942,3722,24200,25122,35201,0,0,27562,38923,27562,27562,38923,2942,3722,38923,2,2,6,6,1672,26,1580,1704,5,1560,26,1580,6,8,13,1598,3,45,3/21/2017 9:10:18 PM,33557,13,1598,3,8,45,1704,5,6,1560,1672,26,26
25122,0.026550434,0.077148760,0.054928962,1673,0.012160898,21,3/21/2017 10:10:24 PM,58ca253ae04033ff8d2c8bd7,222530618111374_403382763359491,1,215,3,597,1,155,550,667,815,1867,2138,24200,2942,3722,24200,25122,35201,0,0,27562,38923,27562,27562,38923,2942,3722,38923,2,2,6,6,1672,26,1580,1704,5,1560,26,1580,6,8,13,1598,3,45,3/21/2017 10:10:24 PM,33557,13,1598,3,8,45,1704,5,6,1560,1672,26,26
25127,0.026863533,0.077148760,0.055054824,1673,0.012126866,21,3/21/2017 11:10:46 PM,58ca253ae04033ff8d2c8bd7,222530618111374_403382763359491,1,215,3,603,1,155,557,675,821,1867,2144,24200,2946,3730,24200,25127,35213,0,0,27584,38943,27584,27584,38943,2946,3730,38943,2,2,6,6,1672,26,1580,1704,5,1560,26,1580,6,8,13,1598,3,45,3/21/2017 11:10:46 PM,33563,13,1598,3,8,45,1704,5,6,1560,1672,26,26
25127,0.026903331,0.077148760,0.055044929,1674,0.012126866,22,3/22/2017 12:10:39 AM,58ca253ae04033ff8d2c8bd7,222530618111374_403382763359491,1,215,3,605,1,155,559,676,823,1867,2144,24200,2946,3733,24200,25127,35217,0,0,27584,38950,27584,27584,38950,2946,3733,38950,2,2,6,6,1673,26,1580,1705,5,1560,26,1580,6,8,13,1599,3,45,3/22/2017 12:10:39 AM,33564,13,1599,3,8,45,1705,5,6,1560,1673,26,26
25127,0.026903331,0.077148760,0.055044929,1674,0.012126866,22,3/22/2017 1:10:25 AM,58ca253ae04033ff8d2c8bd7,222530618111374_403382763359491,1,215,3,605,1,155,559,676,823,1867,2144,24200,2946,3733,24200,25127,35217,0,0,27584,38950,27584,27584,38950,2946,3733,38950,2,2,6,6,1673,26,1580,1705,5,1560,26,1580,6,8,13,1599,3,45,3/22/2017 1:10:25 AM,33564,13,1599,3,8,45,1705,5,6,1560,1673,26,26
25127,0.027102320,0.077148760,0.055169050,1674,0.012098651,22,3/22/2017 2:10:43 AM,58ca253ae04033ff8d2c8bd7,222530618111374_403382763359491,1,215,3,608,1,155,563,681,826,1867,2149,24200,2946,3733,24200,25127,35220,0,0,27584,38953,27584,27584,38953,2946,3733,38953,2,2,6,6,1673,26,1580,1705,5,1560,26,1580,6,8,13,1599,3,45,3/22/2017 2:10:43 AM,33566,13,1599,3,8,45,1705,5,6,1560,1673,26,26
25127,0.027142118,0.077148760,0.055169050,1674,0.012098651,22,3/22/2017 3:10:26 AM,58ca253ae04033ff8d2c8bd7,222530618111374_403382763359491,1,215,3,609,1,155,564,682,827,1867,2149,24200,2946,3733,24200,25127,35220,0,0,27584,38953,27584,27584,38953,2946,3733,38953,2,2,6,6,1673,26,1580,1705,5,1560,26,1580,6,8,13,1599,3,45,3/22/2017 3:10:26 AM,33566,13,1599,3,8,45,1705,5,6,1560,1673,26,26
25127,0.027142118,0.077148760,0.055169050,1674,0.012098651,22,3/22/2017 4:10:29 AM,58ca253ae04033ff8d2c8bd7,222530618111374_403382763359491,1,215,3,609,1,155,564,682,827,1867,2149,24200,2946,3733,24200,25127,35220,0,0,27584,38953,27584,27584,38953,2946,3733,38953,2,2,6,6,1673,26,1580,1705,5,1560,26,1580,6,8,13,1599,3,45,3/22/2017 4:10:29 AM,33566,13,1599,3,8,45,1705,5,6,1560,1673,26,26
25127,0.027142118,0.077148760,0.055167634,1674,0.012098651,22,3/22/2017 5:10:50 AM,58ca253ae04033ff8d2c8bd7,222530618111374_403382763359491,1,215,3,609,1,155,564,682,827,1867,2149,24200,2946,3734,24200,25127,35220,0,0,27584,38954,27584,27584,38954,2946,3734,38954,2,2,6,6,1673,26,1580,1705,5,1560,26,1580,6,8,13,1599,3,45,3/22/2017 5:10:50 AM,33566,13,1599,3,8,45,1705,5,6,1560,1673,26,26
25127,0.027142118,0.077148760,0.055167634,1674,0.012098651,22,3/22/2017 6:10:47 AM,58ca253ae04033ff8d2c8bd7,222530618111374_403382763359491,1,215,3,609,1,155,564,682,827,1867,2149,24200,2946,3734,24200,25127,35220,0,0,27584,38954,27584,27584,38954,2946,3734,38954,2,2,6,6,1673,26,1580,1705,5,1560,26,1580,6,8,13,1599,3,45,3/22/2017 6:10:47 AM,33566,13,1599,3,8,45,1705,5,6,1560,1673,26,26
25127,0.027142118,0.077148760,0.055166217,1674,0.012098651,22,3/22/2017 7:10:19 AM,58ca253ae04033ff8d2c8bd7,222530618111374_403382763359491,1,215,3,609,1,155,564,682,827,1867,2149,24200,2946,3735,24200,25127,35220,0,0,27584,38955,27584,27584,38955,2946,3735,38955,2,2,6,6,1673,26,1580,1705,5,1560,26,1580,6,8,13,1599,3,45,3/22/2017 7:10:19 AM,33566,13,1599,3,8,45,1705,5,6,1560,1673,26,26
25127,0.027142118,0.077148760,0.055166217,1674,0.012098651,22,3/22/2017 8:10:26 AM,58ca253ae04033ff8d2c8bd7,222530618111374_403382763359491,1,215,3,609,1,155,564,682,827,1867,2149,24200,2946,3735,24200,25127,35220,0,0,27584,38955,27584,27584,38955,2946,3735,38955,2,2,6,6,1673,26,1580,1705,5,1560,26,1580,6,8,13,1599,3,45,3/22/2017 8:10:26 AM,33566,13,1599,3,8,45,1705,5,6,1560,1673,26,26
25127,0.027142118,0.077272727,0.055237557,1675,0.012081784,22,3/22/2017 9:10:23 AM,58ca253ae04033ff8d2c8bd7,222530618111374_403382763359491,1,215,3,609,1,155,564,682,827,1870,2152,24200,2950,3737,24200,25127,35222,0,0,27592,38959,27592,27592,38959,2950,3737,38959,2,2,6,6,1674,26,1582,1706,5,1562,26,1582,6,8,13,1600,3,45,3/22/2017 9:10:23 AM,33568,13,1600,3,8,45,1706,5,6,1562,1674,26,26
25127,0.027142118,0.077272727,0.055237557,1675,0.012081784,22,3/22/2017 10:10:27 AM,58ca253ae04033ff8d2c8bd7,222530618111374_403382763359491,1,215,3,609,1,155,564,682,827,1870,2152,24200,2950,3737,24200,25127,35222,0,0,27592,38959,27592,27592,38959,2950,3737,38959,2,2,6,6,1674,26,1582,1706,5,1562,26,1582,6,8,13,1600,3,45,3/22/2017 10:10:27 AM,33568,13,1600,3,8,45,1706,5,6,1562,1674,26,26
25127,0.027142118,0.077272727,0.055233304,1675,0.012081784,22,3/22/2017 11:10:35 AM,58ca253ae04033ff8d2c8bd7,222530618111374_403382763359491,1,215,3,609,1,155,564,682,827,1870,2152,24200,2950,3737,24200,25127,35225,0,0,27592,38962,27592,27592,38962,2950,3737,38962,2,2,6,6,1674,26,1582,1706,5,1562,26,1582,6,8,13,1600,3,45,3/22/2017 11:10:35 AM,33569,13,1600,3,8,45,1706,5,6,1562,1674,26,26
25127,0.027142118,0.077272727,0.055233304,1675,0.012081784,22,3/22/2017 12:10:24 PM,58ca253ae04033ff8d2c8bd7,222530618111374_403382763359491,1,215,3,609,1,155,564,682,827,1870,2152,24200,2950,3737,24200,25127,35225,0,0,27592,38962,27592,27592,38962,2950,3737,38962,2,2,6,6,1674,26,1582,1706,5,1562,26,1582,6,8,13,1600,3,45,3/22/2017 12:10:24 PM,33569,13,1600,3,8,45,1706,5,6,1562,1674,26,26
25127,0.027142118,0.077272727,0.055233304,1675,0.012081784,22,3/22/2017 1:10:28 PM,58ca253ae04033ff8d2c8bd7,222530618111374_403382763359491,1,215,3,609,1,155,564,682,827,1870,2152,24200,2959,3737,24200,25127,35225,0,0,27592,38962,27592,27592,38962,2950,3737,38962,2,2,6,6,1674,26,1582,1706,5,1562,26,1582,6,8,13,1600,3,45,3/22/2017 1:10:28 PM,33569,13,1600,3,8,45,1706,5,6,1562,1674,26,26
25127,0.027142118,0.077272727,0.055301786,1676,0.012064965,22,3/22/2017 2:10:23 PM,58ca253ae04033ff8d2c8bd7,222530618111374_403382763359491,1,215,3,609,1,155,564,682,827,1870,2155,24200,2959,3740,24200,25127,35228,0,0,27592,38968,27592,27592,38968,2959,3740,38968,2,2,6,6,1675,26,1584,1707,5,1565,26,1584,6,8,13,1601,3,45,3/22/2017 2:10:23 PM,33569,13,1601,3,8,45,1707,5,6,1565,1675,26,26
25127,0.027142118,0.077272727,0.055298948,1676,0.012064965,22,3/22/2017 3:10:23 PM,58ca253ae04033ff8d2c8bd7,222530618111374_403382763359491,1,215,3,609,1,155,564,682,827,1870,2155,24200,2959,3740,24200,25127,35230,0,0,27592,38970,27592,27592,38970,2959,3740,38970,2,2,6,6,1675,26,1584,1707,5,1565,26,1584,6,8,13,1601,3,45,3/22/2017 3:10:23 PM,33570,13,1601,3,8,45,1707,5,6,1565,1675,26,26
25179,0.027125779,0.077272727,0.055374509,1676,0.012048193,22,3/22/2017 4:10:24 PM,58ca253ae04033ff8d2c8bd7,222530618111374_403382763359491,1,215,3,611,1,155,567,683,829,1870,2158,24200,2959,3740,24200,25179,35231,0,0,27592,38971,27592,27592,38971,2959,3740,38971,2,2,6,6,1675,26,1584,1707,5,1565,26,1584,6,8,13,1601,3,45,3/22/2017 4:10:24 PM,33570,13,1601,3,8,45,1707,5,6,1565,1675,26,26
25179,0.027125779,0.077272727,0.055374509,1676,0.012048193,22,3/22/2017 5:10:33 PM,58ca253ae04033ff8d2c8bd7,222530618111374_403382763359491,1,215,3,611,1,155,567,683,829,1870,2158,24200,2959,3740,24200,25179,35231,0,0,27592,38971,27592,27592,38971,2959,3740,38971,2,2,6,6,1675,26,1584,1707,5,1565,26,1584,6,8,13,1601,3,45,3/22/2017 5:10:33 PM,33570,13,1601,3,8,45,1707,5,6,1565,1675,26,26
25179,0.027125779,0.077272727,0.055374509,1676,0.012048193,22,3/22/2017 6:10:15 PM,58ca253ae04033ff8d2c8bd7,222530618111374_403382763359491,1,215,3,611,1,155,567,683,829,1870,2158,24200,2959,3740,24200,25179,35231,0,0,27592,38971,27592,27592,38971,2959,3740,38971,2,2,6,6,1675,26,1584,1707,5,1565,26,1584,6,8,13,1601,3,45,3/22/2017 6:10:15 PM,33570,13,1601,3,8,45,1707,5,6,1565,1675,26,26
25179,0.027205211,0.077355372,0.055447221,1678,0.012031467,22,3/22/2017 7:10:22 PM,58ca253ae04033ff8d2c8bd7,222530618111374_403382763359491,1,215,3,614,1,155,568,685,832,1872,2161,24200,2959,3742,24200,25179,35232,0,0,27592,38974,27592,27592,38974,2959,3742,38974,2,2,6,6,1677,26,1586,1709,5,1569,26,1586,6,8,13,1603,3,45,3/22/2017 7:10:22 PM,33570,13,1603,3,8,45,1709,5,6,1569,1677,26,26
25179,0.027205211,0.077355372,0.055447221,1678,0.012031467,22,3/22/2017 8:10:28 PM,58ca253ae04033ff8d2c8bd7,222530618111374_403382763359491,1,215,3,614,1,155,568,685,832,1872,2161,24200,2959,3742,24200,25179,35232,0,0,27592,38974,27592,27592,38974,2959,3742,38974,2,2,6,6,1677,26,1586,1709,5,1569,26,1586,6,8,13,1603,3,45,3/22/2017 8:10:28 PM,33570,13,1603,3,8,45,1709,5,6,1569,1677,26,26
25179,0.027205211,0.077355372,0.055447221,1678,0.012031467,22,3/22/2017 9:10:17 PM,58ca253ae04033ff8d2c8bd7,222530618111374_403382763359491,1,215,3,614,1,155,568,685,832,1872,2161,24200,2959,3742,24200,25179,35232,0,0,27592,38974,27592,27592,38974,2959,3742,38974,2,2,6,6,1677,26,1586,1709,5,1569,26,1586,6,8,13,1603,3,45,3/22/2017 9:10:17 PM,33570,13,1603,3,8,45,1709,5,6,1569,1677,26,26
25179,0.027364073,0.077561984,0.055591185,1678,0.011998154,22,3/22/2017 10:10:48 PM,58ca253ae04033ff8d2c8bd7,222530618111374_403382763359491,1,215,3,620,1,155,572,689,838,1877,2167,24200,2959,3744,24200,25179,35237,0,0,27592,38981,27592,27592,38981,2959,3744,38981,2,2,6,6,1677,26,1586,1709,5,1569,26,1586,6,8,13,1603,3,45,3/22/2017 10:10:48 PM,33570,13,1603,3,8,45,1709,5,6,1569,1677,26,26
25179,0.027522936,0.077561984,0.055713736,1679,0.011970534,22,3/22/2017 11:10:30 PM,58ca253ae04033ff8d2c8bd7,222530618111374_403382763359491,1,215,3,625,1,155,577,693,843,1877,2172,24200,2959,3747,24200,25179,35238,0,0,27592,38985,27592,27592,38985,2959,3747,38985,2,2,6,6,1678,26,1588,1710,5,1571,26,1588,6,8,13,1604,3,45,3/22/2017 11:10:30 PM,33570,13,1604,3,8,45,1710,5,6,1571,1678,26,26
25179,0.027522936,0.077561984,0.055713736,1679,0.011970534,23,3/23/2017 12:10:21 AM,58ca253ae04033ff8d2c8bd7,222530618111374_403382763359491,1,215,3,625,1,155,577,693,843,1877,2172,24200,2959,3747,24200,25179,35238,0,0,27592,38985,27592,27592,38985,2959,3747,38985,2,2,6,6,1678,26,1588,1710,5,1571,26,1588,6,8,13,1604,3,45,3/23/2017 12:10:21 AM,33570,13,1604,3,8,45,1710,5,6,1571,1678,26,26
25179,0.027522936,0.077561984,0.055713736,1679,0.011970534,23,3/23/2017 1:10:23 AM,58ca253ae04033ff8d2c8bd7,222530618111374_403382763359491,1,215,3,625,1,155,577,693,843,1877,2172,24200,2959,3747,24200,25179,35238,0,0,27592,38985,27592,27592,38985,2959,3747,38985,2,2,6,6,1678,26,1588,1710,5,1571,26,1588,6,8,13,1604,3,45,3/23/2017 1:10:23 AM,33570,13,1604,3,8,45,1710,5,6,1571,1678,26,26
25179,0.027681798,0.077685950,0.055859044,1679,0.011937557,23,3/23/2017 6:10:18 AM,58ca253ae04033ff8d2c8bd7,222530618111374_403382763359491,1,215,3,630,1,155,581,697,848,1880,2178,24200,2963,3748,24200,25179,35243,0,0,27592,38991,27592,27592,38991,2963,3748,38991,2,2,6,6,1678,26,1588,1710,5,1571,26,1588,6,8,13,1604,3,45,3/23/2017 6:10:18 AM,33573,13,1604,3,8,45,1710,5,6,1571,1678,26,26
25179,0.027880377,0.077892562,0.056005744,1681,0.011904762,23,3/23/2017 12:10:18 PM,58ca253ae04033ff8d2c8bd7,222530618111374_403382763359491,1,215,3,634,1,155,585,702,852,1885,2184,24200,2963,3749,24200,25179,35247,0,0,27592,38996,27592,27592,38996,2963,3749,38996,2,2,6,6,1680,26,1591,1712,5,1573,26,1591,6,8,13,1606,3,45,3/23/2017 12:10:18 PM,33576,13,1606,3,8,45,1712,5,6,1573,1680,26,26
25179,0.027880377,0.077892562,0.056005744,1681,0.011904762,23,3/23/2017 1:10:21 PM,58ca253ae04033ff8d2c8bd7,222530618111374_403382763359491,1,215,3,634,1,155,585,702,852,1885,2184,24200,2963,3749,24200,25179,35247,0,0,27592,38996,27592,27592,38996,2963,3749,38996,2,2,6,6,1680,26,1591,1712,5,1573,26,1591,6,8,13,1606,3,45,3/23/2017 1:10:21 PM,33576,13,1606,3,8,45,1712,5,6,1573,1680,26,26
25179,0.027880377,0.077892562,0.056005744,1681,0.011904762,23,3/23/2017 2:10:12 PM,58ca253ae04033ff8d2c8bd7,222530618111374_403382763359491,1,215,3,634,1,155,585,702,852,1885,2184,24200,2963,3749,24200,25179,35247,0,0,27592,38996,27592,27592,38996,2963,3749,38996,2,2,6,6,1680,26,1591,1712,5,1573,26,1591,6,8,13,1606,3,45,3/23/2017 2:10:12 PM,33576,13,1606,3,8,45,1712,5,6,1573,1680,26,26
25193,0.028182432,0.078181818,0.056461539,1683,0.011807448,23,3/23/2017 3:10:36 PM,58ca253ae04033ff8d2c8bd7,222530618111374_403382763359491,1,215,3,640,1,155,593,710,858,1892,2202,24200,2963,3750,24200,25193,35250,0,0,27607,39000,27607,27607,39000,2963,3750,39000,2,2,6,6,1682,26,1593,1714,5,1575,26,1593,6,8,13,1608,3,45,3/23/2017 3:10:36 PM,33576,13,1608,3,8,45,1714,5,6,1575,1682,26,26
25193,0.028182432,0.078305785,0.056512821,1684,0.011796733,23,3/23/2017 4:10:28 PM,58ca253ae04033ff8d2c8bd7,222530618111374_403382763359491,1,215,3,641,1,155,593,710,859,1895,2204,24200,2963,3750,24200,25193,35250,0,0,27607,39000,27607,27607,39000,2963,3750,39000,2,2,6,6,1683,26,1595,1715,5,1578,26,1595,6,8,13,1609,3,45,3/23/2017 4:10:28 PM,33576,13,1609,3,8,45,1715,5,6,1578,1683,26,26
25193,0.028182432,0.078305785,0.056512821,1684,0.011796733,23,3/23/2017 5:10:16 PM,58ca253ae04033ff8d2c8bd7,222530618111374_403382763359491,1,215,3,641,1,155,593,710,859,1895,2204,24200,2963,3750,24200,25193,35250,0,0,27607,39000,27607,27607,39000,2963,3750,39000,2,2,6,6,1683,26,1595,1715,5,1578,26,1595,6,8,13,1609,3,45,3/23/2017 5:10:16 PM,33576,13,1609,3,8,45,1715,5,6,1578,1683,26,26
